ID,X,Y,W,X,Y,Z
0,1.67866,-1.13096,0,0,0.0227336,0.999742
