ID,X,Y,W,X,Y,Z
0,1.30013,-1.03096,0,0,-0.0796256,0.996825
