ID,X,Y,W,X,Y,Z
0,4.29079,1.00739,0,0,0.714454,0.699682
1,9.44729,-1.90306,0,0,0.999256,0.0385726
2,9.44981,-1.21213,0,0,-0.999505,0.0314746
3,9.47997,-0.493422,0,0,0.999997,0.00249587
4,10.2364,3.9453,0,0,0.00438427,0.99999
5,9.14301,2.85417,0,0,0.00198034,0.999998
6,9.11758,3.27566,0,0,0.0112694,0.999936
7,9.08751,3.68571,0,0,0.0384196,0.999262
8,9.08426,4.0793,0,0,-0.00917313,0.999958
9,9.09291,4.42227,0,0,0.0395966,0.999216
10,9.08099,4.88964,0,0,-0.0097627,0.999952
