ID,X,Y,W,X,Y,Z
0,4.20636,-1.07157,0,0,-0.708576,0.705635
1,9.33285,2.00176,0,0,-0.999999,0.00118479
2,9.33603,1.28848,0,0,-0.999931,0.0117279
3,9.31899,0.601707,0,0,0.999776,0.0211662
4,10.199,-3.85694,0,0,0.000851326,1
5,9.04001,-2.81213,0,0,0.00552386,0.999985
6,9.03799,-3.19799,0,0,0.00731029,0.999973
7,9.0113,-3.60537,0,0,-0.0312878,0.99951
8,9.10041,-3.98665,0,0,0.0070945,0.999975
9,8.99715,-4.42453,0,0,-0.0228079,0.99974
10,9.04216,-4.79199,0,0,-0.0135362,0.999908
