ID,X,Y,W,X,Y,Z
0,1.35435,-1.05795,0,0,-0.242846,0.970065
