ID,X,Y,W,X,Y,Z
0,-0.0199258,-0.307438,0,0,-0.381319,0.924443
1,0.322792,-0.612807,0,0,-0.354368,0.935106
