ID,X,Y,W,X,Y,Z
0,0.738053,-0.642846,0,0,-0.00736624,0.999973
