ID,X,Y,W,X,Y,Z
0,0.488763,-0.673594,0,0,-0.0285812,0.999591
1,1.42558,-1.07315,0,0,-0.178722,0.9839
